NPRODUCTO,CONCURSO,F1,F2,F3,F4,F5,F6,F7,BOLSA,FECHA
30,691,1,2,6,13,29,32,36,"$10,500,000.00",10/1/2017
30,690,16,17,18,23,30,34,4,"$9,500,000.00",7/1/2017
30,689,11,18,22,28,30,38,9,"$8,500,000.00",3/1/2017
30,688,1,3,10,11,29,39,26,"$7,500,000.00",31/12/2016
30,687,21,22,26,30,35,36,16,"$6,000,000.00",27/12/2016
30,686,2,10,24,30,38,39,7,"$5,500,000.00",24/12/2016
30,685,7,22,24,25,28,29,2,"$5,400,000.00",20/12/2016
30,684,2,6,15,20,22,30,23,"$5,300,000.00",17/12/2016
30,683,8,12,19,30,31,39,25,"$5,200,000.00",13/12/2016
30,682,7,13,17,23,28,31,30,"$5,100,000.00",10/12/2016
30,681,8,15,23,24,25,32,34,"$5,000,000.00",6/12/2016
30,680,1,7,14,17,33,35,34,"$17,500,000.00",3/12/2016
30,679,4,6,9,16,35,36,38,"$16,000,000.00",29/11/2016
30,678,1,12,13,26,38,39,20,"$15,000,000.00",26/11/2016
30,677,1,4,6,12,16,20,37,"$14,000,000.00",22/11/2016
30,676,1,7,10,11,18,19,28,"$13,000,000.00",19/11/2016
30,675,1,13,15,26,32,39,10,"$12,000,000.00",15/11/2016
30,674,7,23,31,35,37,39,20,"$11,000,000.00",12/11/2016
30,673,18,24,28,29,34,38,14,"$10,000,000.00",8/11/2016
30,672,1,11,12,22,33,34,27,"$9,000,000.00",5/11/2016
30,671,7,10,12,27,32,39,15,"$8,000,000.00",1/11/2016
30,670,9,10,19,21,28,33,3,"$7,000,000.00",29/10/2016
30,669,5,11,16,20,30,34,27,"$6,000,000.00",25/10/2016
30,668,2,18,19,26,28,31,15,"$5,500,000.00",22/10/2016
30,667,4,8,15,21,26,32,37,"$5,400,000.00",18/10/2016
30,666,13,17,20,25,35,38,10,"$5,300,000.00",15/10/2016
30,665,4,6,21,25,34,36,9,"$5,200,000.00",11/10/2016
30,664,4,5,7,14,21,26,8,"$5,100,000.00",8/10/2016
30,663,8,19,20,25,26,39,36,"$5,000,000.00",4/10/2016
30,662,3,8,11,16,18,34,15,"$5,400,000.00",1/10/2016
30,661,12,13,16,20,21,22,33,"$5,300,000.00",27/9/2016
30,660,4,8,18,25,27,28,14,"$5,200,000.00",24/9/2016
30,659,6,13,21,27,32,36,29,"$5,100,000.00",20/9/2016
30,658,4,14,16,18,27,36,30,"$5,000,000.00",17/9/2016
30,657,7,11,17,31,34,38,5,"$20,000,000.00",13/9/2016
30,656,5,6,7,18,36,39,14,"$18,500,000.00",10/9/2016
30,655,7,15,19,26,36,38,14,"$17,500,000.00",6/9/2016
30,654,2,23,27,28,36,37,5,"$16,000,000.00",3/9/2016
30,653,11,16,26,27,35,36,8,"$15,000,000.00",30/8/2016
30,652,3,7,10,17,28,37,22,"$14,000,000.00",27/8/2016
30,651,3,24,25,27,34,35,22,"$13,000,000.00",23/8/2016
30,650,1,4,10,25,30,33,8,"$12,000,000.00",20/8/2016
30,649,13,15,29,31,32,36,23,"$11,000,000.00",16/8/2016
30,648,4,12,21,30,33,36,10,"$10,000,000.00",13/8/2016
30,647,1,10,26,29,33,38,20,"$9,000,000.00",9/8/2016
30,646,10,12,13,18,27,36,8,"$8,000,000.00",6/8/2016
30,645,1,15,17,29,30,35,20,"$7,000,000.00",2/8/2016
30,644,2,5,11,16,27,32,10,"$6,000,000.00",30/7/2016
30,643,11,14,16,28,38,39,37,"$5,500,000.00",26/7/2016
30,642,13,18,21,31,33,36,25,"$5,400,000.00",23/7/2016
30,641,11,24,25,27,30,34,36,"$5,300,000.00",19/7/2016
30,640,4,14,17,22,26,29,30,"$5,200,000.00",16/7/2016
30,639,6,7,11,27,37,39,12,"$5,100,000.00",12/7/2016
30,638,2,6,14,21,31,35,32,"$5,000,000.00",9/7/2016
30,637,3,4,8,26,29,33,2,"$26,000,000.00",5/7/2016
30,636,1,7,8,10,22,33,28,"$24,500,000.00",2/7/2016
30,635,5,8,11,14,17,28,26,"$23,500,000.00",28/6/2016
30,634,10,15,22,27,31,32,17,"$22,000,000.00",25/6/2016
30,633,3,8,12,29,32,33,5,"$21,000,000.00",21/6/2016
30,632,3,4,22,24,29,32,23,"$20,000,000.00",18/6/2016
30,631,2,5,7,15,19,23,28,"$19,000,000.00",14/6/2016
30,630,8,9,13,14,21,30,29,"$18,000,000.00",11/6/2016
30,629,7,8,18,19,23,31,2,"$17,000,000.00",7/6/2016
30,628,4,15,16,21,23,26,6,"$15,900,000.00",4/6/2016
30,627,13,16,24,28,37,39,5,"$15,000,000.00",31/5/2016
30,626,2,4,8,20,27,31,30,"$14,000,000.00",28/5/2016
30,625,5,9,14,18,20,25,1,"$13,000,000.00",24/5/2016
30,624,4,28,29,33,34,38,15,"$12,000,000.00",21/5/2016
30,623,10,11,15,16,32,35,30,"$11,000,000.00",17/5/2016
30,622,4,22,23,31,32,38,36,"$10,000,000.00",14/5/2016
30,621,7,11,14,16,17,23,22,"$9,000,000.00",10/5/2016
30,620,4,6,14,26,36,37,30,"$8,000,000.00",7/5/2016
30,619,1,13,15,26,29,34,24,"$7,000,000.00",3/5/2016
30,618,3,6,12,20,23,37,19,"$6,000,000.00",30/4/2016
30,617,4,5,6,13,31,32,30,"$5,500,000.00",26/4/2016
30,616,1,2,5,13,18,20,30,"$5,400,000.00",23/4/2016
30,615,5,8,14,22,26,28,12,"$5,300,000.00",19/4/2016
30,614,7,12,13,14,21,29,8,"$5,200,000.00",16/4/2016
30,613,3,4,19,27,36,37,34,"$5,100,000.00",12/4/2016
30,612,1,8,18,20,22,37,3,"$5,000,000.00",9/4/2016
30,611,23,26,28,31,32,36,24,"$14,000,000.00",5/4/2016
30,610,4,8,9,12,21,24,7,"$13,000,000.00",2/4/2016
30,609,9,21,24,28,31,36,33,"$12,000,000.00",29/3/2016
30,608,8,10,12,21,22,31,15,"$11,000,000.00",26/3/2016
30,607,9,21,28,30,31,38,34,"$10,000,000.00",22/3/2016
30,606,1,15,23,26,29,30,10,"$9,000,000.00",19/3/2016
30,605,12,15,21,22,35,36,10,"$8,000,000.00",15/3/2016
30,604,6,20,24,35,36,37,15,"$7,400,000.00",12/3/2016
30,603,6,7,9,22,28,35,5,"$6,600,000.00",8/3/2016
30,602,10,12,16,28,32,38,20,"$5,700,000.00",5/3/2016
30,601,8,24,25,26,30,32,35,"$5,600,000.00",1/3/2016
30,600,2,3,9,29,30,38,14,"$5,500,000.00",27/2/2016
30,599,7,15,22,27,37,39,21,"$5,400,000.00",23/2/2016
30,598,5,7,13,27,28,30,4,"$5,200,000.00",20/2/2016
30,597,3,4,8,12,27,38,24,"$5,000,000.00",16/2/2016
30,596,2,3,15,27,30,35,33,"$7,000,000.00",13/2/2016
30,595,2,5,15,18,21,22,6,"$6,500,000.00",9/2/2016
30,594,4,6,11,18,19,22,12,"$6,000,000.00",6/2/2016
30,593,14,19,21,25,34,35,28,"$5,500,000.00",2/2/2016
30,592,2,3,7,22,25,30,6,"$5,000,000.00",30/1/2016
30,591,6,17,20,24,26,28,3,"$20,500,000.00",26/1/2016
30,590,1,10,19,24,32,35,36,"$19,000,000.00",23/1/2016
30,589,10,12,20,23,31,36,15,"$18,000,000.00",19/1/2016
30,588,11,13,27,29,30,31,34,"$16,500,000.00",16/1/2016
30,587,2,10,13,26,35,39,7,"$15,500,000.00",12/1/2016
30,586,7,17,28,34,37,39,6,"$14,500,000.00",9/1/2016
30,585,5,6,13,31,33,39,11,"$13,500,000.00",5/1/2016
30,584,8,10,19,29,37,39,31,"$12,000,000.00",2/1/2016
30,583,1,6,8,10,27,34,29,"$11,000,000.00",29/12/2015
30,582,7,11,15,18,34,35,6,"$10,000,000.00",26/12/2015
30,581,9,11,22,29,31,33,32,"$9,000,000.00",22/12/2015
30,580,5,18,19,20,27,35,33,"$8,500,000.00",19/12/2015
30,579,11,14,15,19,27,35,17,"$8,000,000.00",15/12/2015
30,578,2,4,15,22,25,38,30,"$7,500,000.00",12/12/2015
30,577,15,17,23,28,30,35,22,"$7,000,000.00",8/12/2015
30,576,1,4,17,19,30,35,22,"$6,500,000.00",5/12/2015
30,575,4,5,10,19,22,37,2,"$6,000,000.00",1/12/2015
30,574,6,22,24,25,26,28,12,"$5,500,000.00",28/11/2015
30,573,6,18,19,20,25,36,26,"$5,000,000.00",24/11/2015
30,572,2,11,14,16,29,32,7,"$44,500,000.00",21/11/2015
30,571,6,11,16,20,22,31,35,"$43,000,000.00",17/11/2015
30,570,4,6,12,24,37,38,27,"$42,000,000.00",14/11/2015
30,569,5,8,10,11,12,39,3,"$40,500,000.00",10/11/2015
30,568,11,20,25,26,31,35,27,"$39,000,000.00",7/11/2015
30,567,1,7,10,15,19,39,28,"$38,000,000.00",3/11/2015
30,566,2,6,22,25,26,33,7,"$36,500,000.00",31/10/2015
30,565,1,3,12,16,20,22,8,"$35,500,000.00",27/10/2015
30,564,2,4,17,20,24,33,8,"$34,500,000.00",24/10/2015
30,563,5,12,21,23,34,38,9,"$33,000,000.00",20/10/2015
30,562,9,13,24,25,29,38,30,"$32,000,000.00",17/10/2015
30,561,1,11,24,26,32,33,12,"$31,000,000.00",13/10/2015
30,560,6,10,14,15,29,33,17,"$29,500,000.00",10/10/2015
30,559,27,30,32,35,36,38,15,"$28,500,000.00",6/10/2015
30,558,7,14,16,25,31,38,4,"$27,000,000.00",3/10/2015
30,557,1,3,16,26,33,34,8,"$26,000,000.00",29/9/2015
30,556,8,19,21,29,33,39,20,"$25,000,000.00",26/9/2015
30,555,1,9,20,27,32,36,30,"$24,000,000.00",22/9/2015
30,554,1,14,21,24,29,32,3,"$22,500,000.00",19/9/2015
30,553,2,3,8,9,12,37,33,"$21,500,000.00",15/9/2015
30,552,10,12,16,22,31,34,24,"$20,500,000.00",12/9/2015
30,551,7,10,11,13,23,26,25,"$19,500,000.00",8/9/2015
30,550,10,13,19,21,24,25,1,"$18,500,000.00",5/9/2015
30,549,10,14,16,22,27,28,31,"$17,500,000.00",1/9/2015
30,548,10,15,24,31,36,38,12,"$16,500,000.00",29/8/2015
30,547,1,3,12,19,30,35,37,"$15,500,000.00",25/8/2015
30,546,4,8,10,17,18,36,39,"$14,500,000.00",22/8/2015
30,545,7,20,25,26,36,37,6,"$13,500,000.00",18/8/2015
30,544,2,4,5,20,22,26,38,"$12,500,000.00",15/8/2015
30,543,9,10,16,17,18,34,15,"$11,500,000.00",11/8/2015
30,542,1,12,17,22,30,31,4,"$11,000,000.00",8/8/2015
30,541,12,19,22,24,28,38,4,"$10,000,000.00",4/8/2015
30,540,4,5,32,34,37,38,2,"$8,500,000.00",1/8/2015
30,539,12,20,24,28,38,39,18,"$7,500,000.00",28/7/2015
30,538,4,19,27,28,36,38,9,"$6,500,000.00",25/7/2015
30,537,7,10,23,27,31,39,16,"$6,000,000.00",21/7/2015
30,536,11,14,19,23,31,37,8,"$5,500,000.00",18/7/2015
30,535,5,15,20,21,24,31,12,"$5,400,000.00",14/7/2015
30,534,14,15,20,23,26,38,34,"$5,300,000.00",11/7/2015
30,533,5,8,17,21,26,34,10,"$5,200,000.00",7/7/2015
30,532,9,15,23,24,31,35,3,"$5,100,000.00",4/7/2015
30,531,8,9,15,19,29,39,14,"$5,000,000.00",30/6/2015
30,530,3,10,13,20,33,38,35,"$41,000,000.00",27/6/2015
30,529,10,22,23,25,33,39,20,"$39,000,000.00",23/6/2015
30,528,18,20,23,24,26,35,16,"$38,000,000.00",20/6/2015
30,527,10,25,26,30,36,38,19,"$37,000,000.00",16/6/2015
30,526,8,14,17,28,29,31,7,"$36,000,000.00",13/6/2015
30,525,4,20,22,28,31,34,7,"$34,500,000.00",9/6/2015
30,524,6,12,18,24,25,31,37,"$33,000,000.00",6/6/2015
30,523,6,14,18,32,34,36,22,"$32,000,000.00",2/6/2015
30,522,3,4,7,9,10,32,24,"$30,500,000.00",30/5/2015
30,521,7,17,20,32,34,39,22,"$29,500,000.00",26/5/2015
30,520,4,9,11,12,17,26,29,"$28,500,000.00",23/5/2015
30,519,2,15,17,31,34,38,35,"$27,000,000.00",19/5/2015
30,518,6,12,16,18,33,36,5,"$26,000,000.00",16/5/2015
30,517,2,5,16,21,25,31,28,"$25,000,000.00",12/5/2015
30,516,5,17,20,26,27,33,38,"$24,000,000.00",9/5/2015
30,515,3,7,9,25,29,32,33,"$23,000,000.00",5/5/2015
30,514,9,11,20,27,31,32,37,"$21,500,000.00",2/5/2015
30,513,4,19,26,28,34,36,8,"$20,500,000.00",28/4/2015
30,512,6,10,13,14,34,36,29,"$19,500,000.00",25/4/2015
30,511,1,24,25,29,37,38,5,"$18,500,000.00",21/4/2015
30,510,9,15,18,26,32,34,33,"$17,500,000.00",18/4/2015
30,509,5,6,11,12,22,26,31,"$16,500,000.00",14/4/2015
30,508,4,12,14,16,26,39,3,"$15,500,000.00",11/4/2015
30,507,4,5,27,29,33,36,11,"$14,600,000.00",7/4/2015
30,506,8,11,15,24,33,39,32,"$14,000,000.00",4/4/2015
30,505,3,7,15,16,32,38,5,"$13,000,000.00",31/3/2015
30,504,4,5,10,14,31,39,34,"$12,000,000.00",28/3/2015
30,503,16,21,22,25,32,33,36,"$11,000,000.00",24/3/2015
30,502,10,13,15,23,24,27,11,"$10,200,000.00",21/3/2015
30,501,2,19,23,32,35,39,29,"$9,400,000.00",17/3/2015
30,500,5,10,20,22,30,34,26,"$8,300,000.00",14/3/2015
30,499,3,14,17,21,23,35,29,"$7,500,000.00",10/3/2015
30,498,1,3,5,24,34,37,30,"$6,700,000.00",7/3/2015
30,497,7,8,21,28,32,38,14,"$6,200,000.00",3/3/2015
30,496,1,13,18,22,24,39,35,"$6,100,000.00",28/2/2015
30,495,4,7,8,9,11,26,37,"$6,000,000.00",24/2/2015
30,494,1,5,7,25,26,38,33,"$5,900,000.00",21/2/2015
30,493,14,18,25,26,29,39,9,"$5,600,000.00",17/2/2015
30,492,4,5,9,22,33,39,17,"$5,300,000.00",14/2/2015
30,491,1,8,9,14,23,26,31,"$5,000,000.00",10/2/2015
30,490,1,2,20,23,27,29,33,"$32,000,000.00",7/2/2015
30,489,4,9,10,35,38,39,8,"$31,000,000.00",3/2/2015
30,488,3,9,13,29,32,36,6,"$29,500,000.00",31/1/2015
30,487,10,14,18,27,33,35,26,"$28,000,000.00",27/1/2015
30,486,1,4,13,26,29,32,12,"$25,000,000.00",24/1/2015
30,485,6,15,20,24,26,39,37,"$22,000,000.00",20/1/2015
30,484,10,22,26,28,32,33,30,"$18,500,000.00",17/1/2015
30,483,2,10,11,19,33,35,8,"$17,000,000.00",13/1/2015
30,482,9,15,19,24,30,34,31,"$15,500,000.00",10/1/2015
30,481,1,2,12,13,17,24,14,"$13,600,000.00",6/1/2015
30,480,1,13,17,22,25,31,23,"$13,300,000.00",3/1/2015
30,479,10,11,21,31,34,38,24,"$13,000,000.00",30/12/2014
30,478,9,13,14,34,36,38,19,"$12,700,000.00",27/12/2014
30,477,8,12,14,28,34,35,6,"$12,400,000.00",23/12/2014
30,476,2,11,16,17,32,37,13,"$12,100,000.00",20/12/2014
30,475,6,11,20,25,31,39,13,"$11,800,000.00",16/12/2014
30,474,10,15,16,22,26,33,27,"$11,500,000.00",13/12/2014
30,473,10,11,16,17,19,26,14,"$11,200,000.00",9/12/2014
30,472,2,3,8,12,30,33,27,"$10,900,000.00",6/12/2014
30,471,1,4,5,17,24,34,6,"$10,600,000.00",2/12/2014
30,470,7,8,10,20,21,25,6,"$10,300,000.00",29/11/2014
30,469,2,6,11,12,17,21,4,"$10,000,000.00",25/11/2014
30,468,3,4,12,14,19,20,34,"$9,700,000.00",22/11/2014
30,467,4,14,15,21,24,31,9,"$9,400,000.00",18/11/2014
30,466,1,8,16,17,20,30,13,"$9,100,000.00",15/11/2014
30,465,10,21,23,32,34,39,29,"$8,800,000.00",11/11/2014
30,464,11,24,25,27,32,34,23,"$8,500,000.00",8/11/2014
30,463,1,3,7,12,18,37,21,"$8,200,000.00",4/11/2014
30,462,2,5,7,9,19,35,34,"$7,900,000.00",1/11/2014
30,461,2,10,29,31,36,37,38,"$7,600,000.00",28/10/2014
30,460,4,13,22,24,33,39,27,"$7,300,000.00",25/10/2014
30,459,10,29,30,32,33,34,38,"$7,000,000.00",21/10/2014
30,458,9,16,19,21,33,38,30,"$6,750,000.00",18/10/2014
30,457,8,10,11,20,22,37,14,"$6,500,000.00",14/10/2014
30,456,4,5,8,9,21,29,31,"$5,000,000.00",11/10/2014
30,455,1,11,12,29,33,37,32,"$5,500,000.00",7/10/2014
30,454,6,8,13,14,15,20,12,"$5,000,000.00",4/10/2014
30,453,6,17,28,30,36,38,33,"$9,500,000.00",30/9/2014
30,452,6,12,24,25,33,39,26,"$9,000,000.00",27/9/2014
30,451,5,7,14,19,21,24,33,"$8,500,000.00",23/9/2014
30,450,12,19,22,24,35,38,36,"$8,000,000.00",20/9/2014
30,449,11,12,14,22,26,36,4,"$7,500,000.00",16/9/2014
30,448,3,10,13,24,31,33,26,"$7,000,000.00",13/9/2014
30,447,9,10,19,24,25,33,12,"$6,500,000.00",9/9/2014
30,446,1,11,19,23,24,27,20,"$6,000,000.00",6/9/2014
30,445,5,11,13,16,18,26,37,"$5,500,000.00",2/9/2014
30,444,24,25,26,28,31,38,10,"$5,000,000.00",30/8/2014
30,443,4,8,9,25,34,36,24,"$9,500,000.00",26/8/2014
30,442,4,5,17,22,25,34,36,"$9,000,000.00",23/8/2014
30,441,1,2,10,17,22,38,8,"$8,500,000.00",19/8/2014
30,440,21,29,31,34,36,39,38,"$8,000,000.00",16/8/2014
30,439,1,6,23,25,30,34,2,"$7,500,000.00",12/8/2014
30,438,11,14,21,24,25,32,6,"$7,000,000.00",9/8/2014
30,437,9,15,19,20,26,34,22,"$6,500,000.00",5/8/2014
30,436,6,8,10,13,16,21,15,"$6,000,000.00",2/8/2014
30,435,7,12,20,22,25,34,30,"$5,500,000.00",29/7/2014
30,434,3,4,18,19,20,25,36,"$5,000,000.00",26/7/2014
30,433,22,23,30,32,35,37,2,"$7,500,000.00",22/7/2014
30,432,4,9,18,26,27,39,10,"$7,000,000.00",19/7/2014
30,431,2,9,13,17,26,27,28,"$6,500,000.00",15/7/2014
30,430,2,4,7,19,27,35,13,"$6,000,000.00",12/7/2014
30,429,1,13,16,17,31,34,8,"$5,500,000.00",8/7/2014
30,428,14,17,19,24,28,33,9,"$5,000,000.00",5/7/2014
30,427,4,6,13,19,25,36,17,"$11,500,000.00",1/7/2014
30,426,1,17,20,26,38,39,37,"$11,000,000.00",28/6/2014
30,425,1,12,15,18,23,27,16,"$10,500,000.00",24/6/2014
30,424,1,3,4,12,19,32,16,"$10,000,000.00",21/6/2014
30,423,11,14,20,21,30,33,28,"$9,500,000.00",17/6/2014
30,422,8,13,25,34,36,37,27,"$9,000,000.00",14/6/2014
30,421,8,18,24,27,28,30,23,"$8,500,000.00",10/6/2014
30,420,4,7,17,18,25,32,5,"$8,000,000.00",7/6/2014
30,419,9,22,31,33,37,39,3,"$7,500,000.00",3/6/2014
30,418,7,12,14,21,25,26,29,"$7,000,000.00",31/5/2014
30,417,5,6,12,16,19,28,27,"$6,500,000.00",27/5/2014
30,416,6,16,17,25,29,34,27,"$6,000,000.00",24/5/2014
30,415,4,5,6,12,17,25,21,"$5,500,000.00",20/5/2014
30,414,1,4,14,16,20,23,38,"$5,000,000.00",17/5/2014
30,413,8,22,25,27,32,36,34,"$8,000,000.00",13/5/2014
30,412,4,7,15,19,21,29,12,"$7,500,000.00",10/5/2014
30,411,2,12,20,35,36,39,38,"$7,000,000.00",6/5/2014
30,410,1,15,16,23,29,37,4,"$6,500,000.00",3/5/2014
30,409,8,14,33,34,38,39,22,"$6,000,000.00",29/4/2014
30,408,3,16,23,25,31,38,37,"$5,500,000.00",26/4/2014
30,407,8,10,14,18,32,33,17,"$5,000,000.00",22/4/2014
30,406,3,14,22,27,35,39,38,"$5,000,000.00",19/4/2014
30,405,6,13,15,16,19,38,4,"$13,500,000.00",15/4/2014
30,404,8,14,22,32,38,39,13,"$12,500,000.00",12/4/2014
30,403,7,13,16,24,37,39,28,"$12,000,000.00",8/4/2014
30,402,1,10,26,35,37,39,17,"$11,000,000.00",5/4/2014
30,401,7,10,15,24,26,31,38,"$10,500,000.00",1/4/2014
30,400,10,11,12,22,26,30,15,"$10,000,000.00",29/3/2014
30,399,3,7,8,19,20,31,38,"$9,500,000.00",25/3/2014
30,398,7,9,12,15,22,31,30,"$9,000,000.00",22/3/2014
30,397,11,21,26,27,33,34,38,"$8,500,000.00",18/3/2014
30,396,12,17,23,25,33,36,38,"$8,000,000.00",15/3/2014
30,395,7,13,18,30,36,37,10,"$7,500,000.00",11/3/2014
30,394,5,9,18,23,32,37,1,"$7,000,000.00",8/3/2014
30,393,8,10,23,26,33,38,25,"$6,500,000.00",4/3/2014
30,392,5,11,14,15,18,32,2,"$6,000,000.00",1/3/2014
30,391,1,3,9,11,20,32,17,"$5,500,000.00",25/2/2014
30,390,5,18,23,34,37,38,29,"$5,000,000.00",22/2/2014
30,389,18,24,28,31,34,37,7,"$5,000,000.00",18/2/2014
30,388,7,9,10,26,31,37,33,"$22,000,000.00",15/2/2014
30,387,3,6,10,16,31,37,19,"$21,000,000.00",11/2/2014
30,386,3,14,17,19,31,35,27,"$20,000,000.00",8/2/2014
30,385,19,20,22,24,27,35,7,"$19,000,000.00",4/2/2014
30,384,13,25,28,31,34,36,15,"$18,000,000.00",1/2/2014
30,383,3,8,12,22,28,39,16,"$17,000,000.00",28/1/2014
30,382,1,2,13,20,31,38,11,"$16,000,000.00",25/1/2014
30,381,4,5,13,21,38,39,19,"$15,000,000.00",21/1/2014
30,380,4,6,16,26,30,34,22,"$14,000,000.00",18/1/2014
30,379,4,7,14,32,37,38,16,"$13,000,000.00",14/1/2014
30,378,7,10,12,26,32,36,17,"$12,000,000.00",11/1/2014
30,377,3,15,18,24,27,36,23,"$11,000,000.00",7/1/2014
30,376,4,11,16,25,29,39,30,"$10,500,000.00",4/1/2014
30,375,2,12,13,18,21,34,19,"$10,000,000.00",31/12/2013
30,374,12,15,18,20,21,28,29,"$9,500,000.00",28/12/2013
30,373,1,2,12,18,21,25,26,"$9,000,000.00",24/12/2013
30,372,2,4,16,25,33,38,28,"$8,500,000.00",21/12/2013
30,371,11,17,18,28,31,36,33,"$8,000,000.00",17/12/2013
30,370,10,16,22,35,36,38,27,"$7,500,000.00",14/12/2013
30,369,1,8,20,21,27,36,12,"$7,000,000.00",10/12/2013
30,368,10,14,18,22,27,33,13,"$6,500,000.00",7/12/2013
30,367,14,16,17,25,26,38,15,"$6,000,000.00",3/12/2013
30,366,16,17,25,28,36,39,38,"$5,500,000.00",30/11/2013
30,365,14,18,21,29,34,38,33,"$5,000,000.00",26/11/2013
30,364,8,13,19,21,23,31,17,"$6,000,000.00",23/11/2013
30,363,6,10,11,17,23,34,37,"$5,500,000.00",19/11/2013
30,362,3,6,8,18,26,30,35,"$5,000,000.00",16/11/2013
30,361,8,20,27,29,32,39,5,"$8,500,000.00",12/11/2013
30,360,1,22,25,26,27,32,23,"$8,000,000.00",9/11/2013
30,359,5,13,17,18,32,35,8,"$7,500,000.00",5/11/2013
30,358,6,9,13,14,20,37,38,"$7,000,000.00",2/11/2013
30,357,1,12,16,21,28,39,24,"$6,500,000.00",29/10/2013
30,356,1,4,10,11,21,29,2,"$6,000,000.00",26/10/2013
30,355,1,2,6,8,23,31,39,"$5,500,000.00",22/10/2013
30,354,1,13,25,32,34,35,19,"$5,000,000.00",19/10/2013
30,353,7,20,23,24,28,33,12,"$9,500,000.00",15/10/2013
30,352,20,21,22,24,31,38,33,"$9,000,000.00",12/10/2013
30,351,11,14,27,29,32,33,13,"$8,500,000.00",8/10/2013
30,350,11,12,13,31,34,39,21,"$8,000,000.00",5/10/2013
30,349,3,6,8,17,33,38,16,"$7,500,000.00",1/10/2013
30,348,5,14,16,28,33,39,27,"$7,000,000.00",28/9/2013
30,347,3,10,21,23,25,28,22,"$6,500,000.00",24/9/2013
30,346,4,6,13,16,32,35,33,"$6,000,000.00",21/9/2013
30,345,1,3,22,29,33,34,25,"$5,500,000.00",17/9/2013
30,344,4,12,18,27,31,34,2,"$5,000,000.00",14/9/2013
30,343,9,21,24,33,36,37,18,"$17,500,000.00",10/9/2013
30,342,4,5,10,24,26,37,9,"$17,000,000.00",7/9/2013
30,341,12,13,15,20,26,38,1,"$16,000,000.00",3/9/2013
30,340,2,22,23,24,31,39,27,"$15,000,000.00",31/8/2013
30,339,5,18,24,25,35,38,4,"$14,000,000.00",27/8/2013
30,338,1,11,13,17,21,27,29,"$13,000,000.00",24/8/2013
30,337,6,12,21,24,25,36,20,"$12,000,000.00",20/8/2013
30,336,3,7,12,18,34,35,30,"$11,500,000.00",17/8/2013
30,335,8,11,17,31,36,38,37,"$11,000,000.00",13/8/2013
30,334,2,6,9,20,21,25,35,"$10,500,000.00",10/8/2013
30,333,4,8,15,19,33,35,9,"$10,000,000.00",6/8/2013
30,332,2,4,17,31,37,38,11,"$9,500,000.00",3/8/2013
30,331,11,13,23,32,37,39,9,"$9,000,000.00",30/7/2013
30,330,7,9,16,19,30,37,14,"$8,500,000.00",27/7/2013
30,329,1,2,10,14,19,32,8,"$8,000,000.00",23/7/2013
30,328,20,22,25,29,31,32,8,"$7,500,000.00",20/7/2013
30,327,3,7,14,17,24,25,37,"$7,000,000.00",16/7/2013
30,326,6,7,22,25,27,31,38,"$6,500,000.00",13/7/2013
30,325,5,11,20,25,26,29,14,"$6,000,000.00",9/7/2013
30,324,10,13,24,26,27,31,1,"$5,500,000.00",6/7/2013
30,323,1,7,12,24,27,29,25,"$5,000,000.00",2/7/2013
30,322,1,4,13,21,29,36,30,"$7,500,000.00",29/6/2013
30,321,9,13,18,29,35,39,34,"$7,000,000.00",25/6/2013
30,320,4,5,19,25,36,39,9,"$6,500,000.00",22/6/2013
30,319,1,7,25,31,32,37,24,"$6,000,000.00",18/6/2013
30,318,2,23,27,28,29,30,18,"$5,500,000.00",15/6/2013
30,317,4,7,19,22,30,36,33,"$5,000,000.00",11/6/2013
30,316,18,24,27,32,35,39,38,"$7,000,000.00",8/6/2013
30,315,13,21,25,29,32,37,3,"$6,500,000.00",4/6/2013
30,314,1,13,20,23,31,35,10,"$6,000,000.00",1/6/2013
30,313,6,15,25,29,37,39,13,"$5,500,000.00",28/5/2013
30,312,1,15,18,19,21,27,36,"$5,000,000.00",25/5/2013
30,311,5,12,24,27,28,35,26,"$8,000,000.00",21/5/2013
30,310,7,10,11,14,16,32,13,"$7,500,000.00",18/5/2013
30,309,3,5,8,14,17,33,18,"$7,000,000.00",14/5/2013
30,308,6,11,18,24,31,34,33,"$6,500,000.00",11/5/2013
30,307,4,7,14,21,34,37,26,"$6,000,000.00",7/5/2013
30,306,2,10,19,26,37,39,4,"$5,500,000.00",4/5/2013
30,305,2,11,13,20,24,35,10,"$5,000,000.00",30/4/2013
30,304,1,11,12,21,23,36,14,"$10,000,000.00",27/4/2013
30,303,3,14,16,35,37,39,30,"$9,500,000.00",23/4/2013
30,302,2,4,8,14,23,38,11,"$9,000,000.00",20/4/2013
30,301,5,11,22,23,31,35,7,"$8,500,000.00",16/4/2013
30,300,3,17,24,26,30,34,20,"$8,000,000.00",13/4/2013
30,299,17,18,25,31,34,35,16,"$7,500,000.00",9/4/2013
30,298,5,15,16,30,31,38,20,"$7,000,000.00",6/4/2013
30,297,2,22,27,29,31,37,13,"$6,500,000.00",2/4/2013
30,296,1,2,24,31,32,33,20,"$6,000,000.00",30/3/2013
30,295,11,15,18,26,28,38,6,"$5,500,000.00",26/3/2013
30,294,13,18,25,27,28,30,12,"$5,000,000.00",23/3/2013
30,293,2,3,12,21,29,39,23,"$21,000,000.00",19/3/2013
30,292,8,13,21,23,24,28,12,"$20,000,000.00",16/3/2013
30,291,10,14,20,27,28,32,22,"$19,000,000.00",12/3/2013
30,290,2,14,28,29,30,37,7,"$18,000,000.00",9/3/2013
30,289,1,15,19,24,32,38,28,"$17,000,000.00",5/3/2013
30,288,6,9,16,21,31,34,3,"$16,000,000.00",2/3/2013
30,287,1,4,16,22,32,33,7,"$15,000,000.00",26/2/2013
30,286,6,7,8,10,16,27,29,"$14,000,000.00",23/2/2013
30,285,2,7,15,17,25,37,29,"$13,000,000.00",19/2/2013
30,284,1,2,3,13,18,19,15,"$12,000,000.00",16/2/2013
30,283,1,3,25,29,35,37,7,"$11,000,000.00",12/2/2013
30,282,8,16,17,21,26,37,23,"$10,500,000.00",9/2/2013
30,281,14,15,19,21,24,35,31,"$10,000,000.00",5/2/2013
30,280,2,6,9,17,30,36,25,"$9,500,000.00",2/2/2013
30,279,3,15,21,25,26,32,22,"$9,000,000.00",29/1/2013
30,278,11,18,33,34,35,36,2,"$8,500,000.00",26/1/2013
30,277,8,11,19,22,34,37,25,"$8,000,000.00",22/1/2013
30,276,4,14,15,26,33,39,6,"$7,500,000.00",19/1/2013
30,275,3,17,30,31,37,38,35,"$7,000,000.00",15/1/2013
30,274,10,19,25,28,32,39,3,"$6,500,000.00",12/1/2013
30,273,5,10,17,24,27,37,19,"$6,000,000.00",8/1/2013
30,272,1,5,19,26,31,34,13,"$5,500,000.00",5/1/2013
30,271,5,7,8,12,23,36,14,"$5,000,000.00",1/1/2013
30,270,5,12,15,18,32,37,25,"$25,000,000.00",29/12/2012
30,269,4,8,14,15,29,37,2,"$24,500,000.00",25/12/2012
30,268,1,2,10,23,28,37,19,"$23,500,000.00",22/12/2012
30,267,7,9,23,24,28,29,33,"$22,500,000.00",18/12/2012
30,266,4,6,13,25,33,36,16,"$21,500,000.00",15/12/2012
30,265,5,6,13,14,29,32,2,"$20,500,000.00",11/12/2012
30,264,7,14,15,20,35,37,12,"$19,500,000.00",8/12/2012
30,263,6,9,30,35,38,39,8,"$18,500,000.00",4/12/2012
30,262,4,5,20,27,30,32,14,"$17,500,000.00",1/12/2012
30,261,16,25,29,34,36,38,31,"$16,500,000.00",27/11/2012
30,260,5,6,19,21,25,33,10,"$16,000,000.00",24/11/2012
30,259,2,7,12,20,34,35,11,"$15,000,000.00",20/11/2012
30,258,9,11,16,17,26,28,38,"$14,000,000.00",17/11/2012
30,257,3,8,13,16,19,25,31,"$13,000,000.00",13/11/2012
30,256,3,5,7,13,15,37,2,"$12,000,000.00",10/11/2012
30,255,8,16,24,30,32,34,38,"$11,500,000.00",6/11/2012
30,254,2,4,12,14,19,33,6,"$11,000,000.00",3/11/2012
30,253,4,9,14,17,31,34,25,"$10,500,000.00",30/10/2012
30,252,3,19,20,25,37,39,6,"$10,000,000.00",27/10/2012
30,251,1,16,19,32,35,36,14,"$9,500,000.00",23/10/2012
30,250,4,6,16,32,36,39,14,"$9,000,000.00",20/10/2012
30,249,6,11,14,24,37,38,4,"$8,500,000.00",16/10/2012
30,248,4,5,7,14,15,26,36,"$8,000,000.00",13/10/2012
30,247,4,9,24,25,36,39,17,"$7,500,000.00",9/10/2012
30,246,10,14,15,31,33,36,29,"$7,000,000.00",6/10/2012
30,245,4,18,25,26,36,37,15,"$6,500,000.00",2/10/2012
30,244,2,13,17,18,24,38,37,"$6,000,000.00",29/9/2012
30,243,8,12,20,24,25,36,3,"$5,500,000.00",25/9/2012
30,242,3,13,17,20,22,34,25,"$5,000,000.00",22/9/2012
30,241,2,17,23,30,33,38,18,"$21,000,000.00",18/9/2012
30,240,10,18,21,27,35,39,8,"$20,000,000.00",15/9/2012
30,239,2,3,18,30,31,39,32,"$19,000,000.00",11/9/2012
30,238,6,9,12,19,20,32,11,"$18,000,000.00",8/9/2012
30,237,5,6,10,16,29,38,30,"$17,000,000.00",4/9/2012
30,236,9,16,20,22,24,27,28,"$16,000,000.00",1/9/2012
30,235,6,16,18,19,30,37,38,"$15,000,000.00",28/8/2012
30,234,2,3,4,25,34,39,8,"$14,000,000.00",25/8/2012
30,233,17,24,27,32,36,38,15,"$13,000,000.00",21/8/2012
30,232,7,8,13,16,29,35,9,"$12,500,000.00",18/8/2012
30,231,1,4,11,20,26,37,38,"$11,500,000.00",14/8/2012
30,230,4,15,18,23,29,34,25,"$11,000,000.00",11/8/2012
30,229,13,15,16,17,24,33,31,"$10,500,000.00",7/8/2012
30,228,1,6,14,15,33,36,22,"$10,000,000.00",4/8/2012
30,227,16,21,25,29,34,36,10,"$9,500,000.00",31/7/2012
30,226,7,10,13,25,30,38,22,"$9,000,000.00",28/7/2012
30,225,1,2,7,20,21,33,6,"$8,500,000.00",24/7/2012
30,224,4,9,12,17,18,37,20,"$8,000,000.00",21/7/2012
30,223,1,8,10,12,20,37,39,"$7,500,000.00",17/7/2012
30,222,8,16,17,18,25,38,4,"$7,000,000.00",14/7/2012
30,221,7,8,13,27,33,35,4,"$6,500,000.00",10/7/2012
30,220,3,9,26,29,38,39,14,"$6,000,000.00",7/7/2012
30,219,4,15,19,27,28,36,7,"$5,500,000.00",3/7/2012
30,218,3,7,11,14,21,24,2,"$5,000,000.00",30/6/2012
30,217,6,13,20,29,35,37,5,"$5,000,000.00",26/6/2012
30,216,3,4,18,21,29,35,37,"$9,500,000.00",23/6/2012
30,215,6,9,17,20,37,39,1,"$9,000,000.00",19/6/2012
30,214,3,6,9,24,38,39,36,"$8,500,000.00",16/6/2012
30,213,13,17,18,21,26,34,27,"$8,000,000.00",12/6/2012
30,212,6,7,14,16,21,35,36,"$7,500,000.00",9/6/2012
30,211,7,12,18,27,28,29,4,"$7,000,000.00",5/6/2012
30,210,8,15,18,19,20,30,2,"$6,500,000.00",2/6/2012
30,209,3,11,16,20,29,36,8,"$6,000,000.00",29/5/2012
30,208,12,21,28,31,33,35,39,"$5,500,000.00",26/5/2012
30,207,7,20,22,23,24,38,29,"$5,000,000.00",22/5/2012
30,206,23,29,30,32,34,37,22,"$5,000,000.00",19/5/2012
30,205,8,9,15,16,22,29,3,"$8,500,000.00",15/5/2012
30,204,2,6,7,12,30,37,4,"$8,000,000.00",12/5/2012
30,203,6,8,9,15,34,35,25,"$7,500,000.00",8/5/2012
30,202,5,7,19,23,32,35,1,"$7,000,000.00",5/5/2012
30,201,7,15,16,17,20,32,26,"$6,500,000.00",1/5/2012
30,200,9,20,22,27,37,38,30,"$6,000,000.00",28/4/2012
30,199,3,14,23,24,25,26,35,"$5,500,000.00",24/4/2012
30,198,5,6,9,10,15,35,32,"$5,000,000.00",21/4/2012
30,197,3,18,28,30,32,36,33,"$31,000,000.00",17/4/2012
30,196,7,8,11,15,19,30,33,"$30,000,000.00",14/4/2012
30,195,15,19,23,24,29,33,3,"$29,000,000.00",10/4/2012
30,194,5,8,11,13,18,25,4,"$28,000,000.00",7/4/2012
30,193,11,16,18,30,32,33,14,"$26,500,000.00",3/4/2012
30,192,2,10,24,27,28,36,39,"$25,500,000.00",31/3/2012
30,191,1,16,23,26,28,34,12,"$24,500,000.00",27/3/2012
30,190,5,12,28,29,34,36,39,"$23,500,000.00",24/3/2012
30,189,5,6,10,15,29,35,9,"$22,500,000.00",20/3/2012
30,188,10,12,14,31,34,35,11,"$21,500,000.00",17/3/2012
30,187,3,7,21,27,29,37,15,"$20,500,000.00",13/3/2012
30,186,1,7,22,29,30,38,8,"$19,500,000.00",10/3/2012
30,185,8,10,12,17,19,33,16,"$18,500,000.00",6/3/2012
30,184,3,9,10,15,22,29,31,"$17,500,000.00",3/3/2012
30,183,2,10,13,18,24,34,19,"$16,500,000.00",28/2/2012
30,182,9,14,16,20,27,33,38,"$15,500,000.00",25/2/2012
30,181,4,7,9,12,21,37,39,"$14,500,000.00",21/2/2012
30,180,1,4,10,26,27,34,15,"$13,500,000.00",18/2/2012
30,179,4,16,23,24,28,37,1,"$12,500,000.00",14/2/2012
30,178,6,13,15,36,37,39,26,"$11,500,000.00",11/2/2012
30,177,2,14,16,19,32,38,1,"$10,500,000.00",7/2/2012
30,176,3,5,19,24,31,33,39,"$10,000,000.00",4/2/2012
30,175,1,17,19,29,31,35,4,"$9,500,000.00",31/1/2012
30,174,1,11,14,21,24,27,17,"$9,000,000.00",28/1/2012
30,173,2,9,12,16,17,26,36,"$8,500,000.00",24/1/2012
30,172,1,2,5,17,20,25,22,"$8,000,000.00",21/1/2012
30,171,3,8,19,21,28,31,25,"$7,500,000.00",17/1/2012
30,170,4,6,21,22,25,35,27,"$7,000,000.00",14/1/2012
30,169,2,3,4,24,26,32,7,"$6,500,000.00",10/1/2012
30,168,2,9,16,24,37,39,11,"$6,000,000.00",7/1/2012
30,167,3,16,22,23,31,33,28,"$5,500,000.00",3/1/2012
30,166,3,4,15,25,29,38,19,"$5,000,000.00",31/12/2011
30,165,4,18,19,21,34,38,27,"$8,500,000.00",27/12/2011
30,164,1,2,20,24,32,33,28,"$8,000,000.00",24/12/2011
30,163,6,11,13,21,25,36,19,"$7,500,000.00",20/12/2011
30,162,11,15,19,21,24,28,34,"$7,000,000.00",17/12/2011
30,161,3,17,20,24,33,36,6,"$6,500,000.00",13/12/2011
30,160,3,20,24,33,35,36,10,"$6,000,000.00",10/12/2011
30,159,1,6,12,26,30,37,19,"$5,500,000.00",6/12/2011
30,158,1,10,13,17,18,19,35,"$5,000,000.00",3/12/2011
30,157,17,21,26,28,36,37,31,"$11,000,000.00",29/11/2011
30,156,5,6,23,25,26,27,35,"$10,000,000.00",26/11/2011
30,155,4,16,25,33,37,39,30,"$9,500,000.00",22/11/2011
30,154,1,4,5,18,35,38,36,"$9,000,000.00",19/11/2011
30,153,9,18,19,32,34,39,13,"$8,500,000.00",15/11/2011
30,152,10,12,15,24,26,39,34,"$8,000,000.00",12/11/2011
30,151,5,7,11,17,23,32,36,"$7,500,000.00",8/11/2011
30,150,4,19,22,27,30,33,28,"$7,000,000.00",5/11/2011
30,149,2,7,9,30,32,33,13,"$6,500,000.00",1/11/2011
30,148,8,13,16,24,27,33,9,"$6,000,000.00",29/10/2011
30,147,8,12,15,21,36,38,35,"$5,500,000.00",25/10/2011
30,146,5,10,15,16,27,33,3,"$5,000,000.00",22/10/2011
30,145,2,14,15,17,22,28,21,"$11,000,000.00",18/10/2011
30,144,4,12,17,21,30,38,25,"$10,000,000.00",15/10/2011
30,143,6,8,10,22,26,28,30,"$9,500,000.00",11/10/2011
30,142,3,4,7,18,31,35,22,"$9,000,000.00",8/10/2011
30,141,16,17,23,26,31,37,12,"$8,500,000.00",4/10/2011
30,140,16,19,21,27,36,38,14,"$8,000,000.00",1/10/2011
30,139,2,7,9,11,38,39,27,"$7,500,000.00",27/9/2011
30,138,1,6,9,26,28,34,17,"$7,000,000.00",24/9/2011
30,137,2,9,17,20,23,34,39,"$6,500,000.00",20/9/2011
30,136,1,7,18,22,26,35,34,"$6,000,000.00",17/9/2011
30,135,1,6,23,24,28,29,12,"$5,500,000.00",13/9/2011
30,134,8,16,17,18,31,35,32,"$5,000,000.00",10/9/2011
30,133,8,15,26,28,37,39,4,"$33,000,000.00",6/9/2011
30,132,1,13,22,23,28,35,18,"$32,000,000.00",3/9/2011
30,131,2,11,13,17,24,37,18,"$30,000,000.00",30/8/2011
30,130,1,8,18,22,36,37,34,"$29,000,000.00",27/8/2011
30,129,2,14,18,23,32,38,5,"$28,000,000.00",23/8/2011
30,128,7,11,12,16,38,39,19,"$27,000,000.00",20/8/2011
30,127,9,12,15,16,20,21,13,"$26,000,000.00",16/8/2011
30,126,1,15,24,28,31,37,29,"$25,000,000.00",13/8/2011
30,125,14,15,27,32,33,35,3,"$23,000,000.00",9/8/2011
30,124,1,5,15,16,17,30,3,"$22,000,000.00",6/8/2011
30,123,2,11,12,29,30,34,18,"$21,000,000.00",2/8/2011
30,122,2,9,11,25,30,33,6,"$20,000,000.00",30/7/2011
30,121,9,14,18,24,28,33,22,"$19,000,000.00",26/7/2011
30,120,16,25,30,32,38,39,33,"$18,000,000.00",23/7/2011
30,119,4,12,20,22,25,26,24,"$17,000,000.00",19/7/2011
30,118,3,14,17,23,31,33,15,"$16,000,000.00",16/7/2011
30,117,5,12,15,20,23,32,24,"$15,000,000.00",12/7/2011
30,116,3,8,10,11,19,28,31,"$14,000,000.00",9/7/2011
30,115,11,15,18,21,25,34,1,"$13,000,000.00",5/7/2011
30,114,6,16,20,30,31,33,2,"$12,000,000.00",2/7/2011
30,113,2,6,8,10,24,38,16,"$11,000,000.00",28/6/2011
30,112,6,7,8,17,32,36,4,"$10,000,000.00",25/6/2011
30,111,2,15,27,28,31,37,18,"$9,500,000.00",21/6/2011
30,110,9,15,23,28,32,36,19,"$9,000,000.00",18/6/2011
30,109,2,7,8,11,33,36,18,"$8,500,000.00",14/6/2011
30,108,9,10,11,25,32,38,30,"$8,000,000.00",11/6/2011
30,107,12,14,16,17,28,30,24,"$7,500,000.00",7/6/2011
30,106,2,5,7,17,23,29,22,"$7,000,000.00",4/6/2011
30,105,14,16,20,24,37,38,35,"$6,500,000.00",31/5/2011
30,104,9,16,19,25,32,38,8,"$6,000,000.00",28/5/2011
30,103,2,3,5,7,8,19,39,"$5,500,000.00",24/5/2011
30,102,1,7,11,13,22,35,32,"$5,000,000.00",21/5/2011
30,101,3,4,6,17,27,34,7,"$9,000,000.00",17/5/2011
30,100,10,15,25,28,30,39,33,"$8,500,000.00",14/5/2011
30,99,3,6,17,29,30,31,28,"$8,000,000.00",10/5/2011
30,98,5,7,10,15,30,38,34,"$7,500,000.00",7/5/2011
30,97,5,6,15,20,28,31,24,"$7,000,000.00",3/5/2011
30,96,6,11,15,21,37,38,26,"$6,500,000.00",30/4/2011
30,95,4,12,19,25,31,38,24,"$6,000,000.00",26/4/2011
30,94,13,14,21,28,30,38,32,"$5,500,000.00",23/4/2011
30,93,15,16,23,26,29,34,13,"$5,000,000.00",19/4/2011
30,92,3,6,9,23,26,33,19,"$16,500,000.00",16/4/2011
30,91,15,16,21,26,37,39,9,"$15,500,000.00",12/4/2011
30,90,3,13,16,18,29,35,38,"$14,500,000.00",9/4/2011
30,89,4,5,6,18,31,33,36,"$13,500,000.00",5/4/2011
30,88,4,6,31,32,33,34,1,"$12,500,000.00",2/4/2011
30,87,3,9,19,28,31,35,8,"$11,000,000.00",29/3/2011
30,86,18,20,33,35,36,39,31,"$10,000,000.00",26/3/2011
30,85,5,11,13,15,27,37,21,"$9,500,000.00",22/3/2011
30,84,5,20,25,28,35,36,21,"$9,000,000.00",19/3/2011
30,83,1,5,10,13,26,28,33,"$8,500,000.00",15/3/2011
30,82,8,9,20,25,33,35,31,"$8,000,000.00",12/3/2011
30,81,4,7,15,17,23,26,24,"$7,500,000.00",8/3/2011
30,80,10,15,25,28,30,36,34,"$7,000,000.00",5/3/2011
30,79,10,12,16,30,33,34,11,"$6,500,000.00",1/3/2011
30,78,2,6,18,23,27,37,24,"$6,000,000.00",26/2/2011
30,77,15,16,22,27,28,37,12,"$5,500,000.00",22/2/2011
30,76,2,7,19,23,26,37,4,"$5,000,000.00",19/2/2011
30,75,4,10,13,15,20,21,25,"$10,000,000.00",15/2/2011
30,74,8,17,19,37,38,39,1,"$9,000,000.00",12/2/2011
30,73,12,13,25,28,32,33,38,"$8,500,000.00",8/2/2011
30,72,2,3,21,22,32,36,4,"$8,000,000.00",5/2/2011
30,71,10,15,18,28,30,36,27,"$7,500,000.00",1/2/2011
30,70,6,15,25,26,34,38,14,"$7,000,000.00",29/1/2011
30,69,12,17,20,24,29,33,1,"$6,500,000.00",25/1/2011
30,68,12,15,20,25,26,36,29,"$6,000,000.00",22/1/2011
30,67,1,14,16,22,23,25,7,"$5,500,000.00",18/1/2011
30,66,6,11,18,26,32,38,1,"$5,000,000.00",15/1/2011
30,65,3,6,10,15,37,38,19,"$21,500,000.00",11/1/2011
30,64,6,17,21,26,29,34,39,"$20,000,000.00",8/1/2011
30,63,5,9,10,19,21,33,36,"$19,000,000.00",4/1/2011
30,62,7,19,21,22,27,37,32,"$18,000,000.00",1/1/2011
30,61,2,8,19,22,26,38,36,"$16,500,000.00",28/12/2010
30,60,5,7,13,27,29,33,20,"$16,000,000.00",25/12/2010
30,59,2,10,17,23,28,37,3,"$15,000,000.00",21/12/2010
30,58,7,11,21,22,25,31,6,"$13,500,000.00",18/12/2010
30,57,5,19,30,32,35,37,8,"$12,500,000.00",14/12/2010
30,56,6,10,12,16,25,32,5,"$11,000,000.00",11/12/2010
30,55,1,4,6,10,11,18,35,"$10,000,000.00",7/12/2010
30,54,9,11,19,21,27,29,1,"$9,000,000.00",4/12/2010
30,53,13,20,25,28,30,35,15,"$8,500,000.00",30/11/2010
30,52,1,3,5,7,18,37,35,"$8,000,000.00",27/11/2010
30,51,3,7,13,16,21,39,22,"$7,500,000.00",23/11/2010
30,50,5,13,15,22,23,35,34,"$7,000,000.00",20/11/2010
30,49,2,17,35,36,37,38,10,"$6,500,000.00",16/11/2010
30,48,15,20,22,26,29,34,6,"$6,000,000.00",13/11/2010
30,47,4,8,14,17,30,39,18,"$5,500,000.00",9/11/2010
30,46,19,22,23,31,34,38,35,"$5,000,000.00",6/11/2010
30,45,13,16,23,24,29,39,28,"$7,000,000.00",2/11/2010
30,44,16,21,22,29,32,37,23,"$6,500,000.00",30/10/2010
30,43,6,16,19,25,30,38,22,"$6,000,000.00",26/10/2010
30,42,1,19,28,29,31,37,26,"$5,500,000.00",23/10/2010
30,41,7,10,13,15,17,21,11,"$5,000,000.00",19/10/2010
30,40,5,17,20,26,31,37,23,"$13,500,000.00",16/10/2010
30,39,8,15,18,24,26,33,29,"$12,500,000.00",12/10/2010
30,38,3,11,15,18,20,26,7,"$11,500,000.00",9/10/2010
30,37,3,4,13,24,28,32,7,"$10,500,000.00",5/10/2010
30,36,8,15,22,32,33,37,19,"$9,500,000.00",2/10/2010
30,35,9,17,18,28,37,39,2,"$8,500,000.00",28/9/2010
30,34,2,8,9,25,29,36,3,"$8,000,000.00",25/9/2010
30,33,6,9,12,16,35,36,38,"$7,500,000.00",21/9/2010
30,32,15,20,28,29,37,38,1,"$7,000,000.00",18/9/2010
30,31,11,16,19,20,23,34,2,"$6,500,000.00",14/9/2010
30,30,4,11,14,15,23,35,6,"$6,000,000.00",11/9/2010
30,29,2,4,6,13,17,20,15,"$5,500,000.00",7/9/2010
30,28,1,4,15,27,33,37,3,"$5,000,000.00",4/9/2010
30,27,4,5,9,24,29,37,17,"$24,000,000.00",31/8/2010
30,26,1,12,19,21,30,34,20,"$23,000,000.00",28/8/2010
30,25,11,17,24,26,28,33,38,"$21,500,000.00",24/8/2010
30,24,8,12,20,31,34,37,9,"$20,000,000.00",21/8/2010
30,23,3,17,18,20,24,38,22,"$19,000,000.00",17/8/2010
30,22,1,2,23,28,29,33,4,"$17,500,000.00",14/8/2010
30,21,1,8,20,23,28,35,16,"$16,500,000.00",10/8/2010
30,20,1,7,17,29,31,32,19,"$15,000,000.00",7/8/2010
30,19,11,15,35,37,38,39,24,"$13,500,000.00",3/8/2010
30,18,14,17,20,24,32,37,35,"$12,000,000.00",31/7/2010
30,17,12,18,21,22,32,37,19,"$11,000,000.00",27/7/2010
30,16,2,5,8,26,32,34,31,"$10,000,000.00",24/7/2010
30,15,2,10,23,32,33,39,7,"$9,000,000.00",20/7/2010
30,14,9,22,26,27,28,37,35,"$8,500,000.00",17/7/2010
30,13,1,2,4,12,17,33,8,"$8,000,000.00",13/7/2010
30,12,6,20,30,33,34,36,35,"$7,000,000.00",10/7/2010
30,11,2,6,12,25,28,31,18,"$6,500,000.00",6/7/2010
30,10,8,13,18,19,21,34,14,"$6,000,000.00",3/7/2010
30,9,9,11,15,20,31,36,23,"$5,500,000.00",29/6/2010
30,8,1,2,5,6,10,11,15,"$5,000,000.00",26/6/2010
30,7,5,16,26,31,34,35,2,"$6,500,000.00",22/6/2010
30,6,2,9,11,22,26,27,20,"$6,000,000.00",19/6/2010
30,5,1,3,7,21,24,32,13,"$5,500,000.00",15/6/2010
30,4,3,4,18,21,22,26,13,"$5,000,000.00",12/6/2010
30,3,15,16,23,27,35,37,26,"$6,500,000.00",8/6/2010
30,2,5,6,8,19,21,33,13,"$6,000,000.00",5/6/2010
30,1,6,13,14,21,25,35,37,"$5,500,000.00",1/6/2010
